{
    "Description": "labels_on_roll",
    "ReferenceAtCustomer": "5166614-7996539",
    "Delivery": "2025-04-22",
    "Shipment_method": "DHL_EXPRESS-EUROPLUS",
    "OrderQuantity": 1000,
    "Quantity_per_roll": "",
    "DispenserQuantity": "0",
    "Core": "40",
    "UnitPrice": 22.11,
    "SupplierId": "7d9ace2e-fa66-48ac-a142-7b3f68eb9f8c",
    "Name": "labels_on_roll",
    "Street": "Fochelstraat 49 49",
    "Country": "BE",
    "PostalCode": "9280",
    "City": "Lebbeke",
    "Contacts": [
        {
            "LastName": "Ringoot",
            "FirstName": "Jessie",
            "Initials": "",
            "Title": "",
            "PhoneNumber": "0486975077",
            "FaxNumber": "",
            "GSMNumber": "",
            "Email": "suppliers@helloprint.com",
            "Function": ""
        }
    ],
    "Width": 30,
    "Height": 30,
    "Shape": "square",
    "Winding": 2,
    "Radius": 2,
    "Premium_White": "N",
    "Substrate": "90KR",
    "Adhesive": "permanent",
    "LineComment1": "Jobsheet made for helloprint v2",
    "Colors": "CMYK",
    "Delivery_Addresses": 1,
    "numberOfDesigns": "1-1",
    "CalculationID": 111701,
    "AddressID": 440825
}