{
    "Description": "labels_on_roll",
    "ReferenceAtCustomer": "5164798-7997491",
    "Delivery": "2025-04-24",
    "Shipment_method": "DHL_EXPRESS-EUROPLUS",
    "OrderQuantity": 100,
    "Quantity_per_roll": "",
    "DispenserQuantity": "0",
    "Core": "76",
    "UnitPrice": 179.6,
    "SupplierId": "7d9ace2e-fa66-48ac-a142-7b3f68eb9f8c",
    "Name": "labels_on_roll",
    "Street": "Sint Aechtenland 14",
    "Country": "NL",
    "PostalCode": "2678 NR",
    "City": "De Lier",
    "Contacts": [
        {
            "LastName": "paauwe",
            "FirstName": "matthijs",
            "Initials": "",
            "Title": "",
            "PhoneNumber": "0618586433",
            "FaxNumber": "",
            "GSMNumber": "",
            "Email": "suppliers@helloprint.com",
            "Function": ""
        }
    ],
    "Width": 85,
    "Height": 45,
    "Shape": "rectangle",
    "Winding": 2,
    "Radius": 2,
    "Premium_White": "N",
    "Substrate": "75PWW",
    "Adhesive": "permanent",
    "LineComment1": "Jobsheet made for helloprint v2",
    "Colors": "CMYK",
    "Delivery_Addresses": 1,
    "numberOfDesigns": "1-1",
    "CalculationID": 110429,
    "AddressID": 436665
}