{
    "Description": "labels_on_roll",
    "ReferenceAtCustomer": "5166848-7996915",
    "Delivery": "2025-04-18",
    "Shipment_method": "DHL_EXPRESS-EUROPLUS",
    "OrderQuantity": 1000,
    "Quantity_per_roll": "",
    "DispenserQuantity": "0",
    "Core": "76",
    "UnitPrice": 35.79,
    "SupplierId": "7d9ace2e-fa66-48ac-a142-7b3f68eb9f8c",
    "Name": "labels_on_roll",
    "Street": "Bolderweg 1",
    "Country": "NL",
    "PostalCode": "1332 AX",
    "City": "Almere",
    "Contacts": [
        {
            "LastName": "Hoseni",
            "FirstName": "F",
            "Initials": "",
            "Title": "",
            "PhoneNumber": "0636498484",
            "FaxNumber": "",
            "GSMNumber": "",
            "Email": "suppliers@helloprint.com",
            "Function": ""
        }
    ],
    "Width": 50,
    "Height": 50,
    "Shape": "circle",
    "Winding": 2,
    "Radius": 0,
    "Premium_White": "N",
    "Substrate": "90PVC",
    "Adhesive": "permanent",
    "LineComment1": "Jobsheet made for helloprint v2",
    "Colors": "CMYK",
    "Delivery_Addresses": 1,
    "numberOfDesigns": "1-1",
    "CalculationID": 112180,
    "AddressID": 440817
}