{
    "Description": "labels_on_roll",
    "ReferenceAtCustomer": "5166967-7997104",
    "Delivery": "2025-04-23",
    "Shipment_method": "UPS-UPS_STANDARD",
    "OrderQuantity": 1000,
    "Quantity_per_roll": "",
    "DispenserQuantity": "",
    "Core": "40",
    "UnitPrice": 23.51,
    "SupplierId": "7d9ace2e-fa66-48ac-a142-7b3f68eb9f8c",
    "Name": "labels_on_roll",
    "Street": "425 Rue de Goa Angels Events C",
    "Country": "FR",
    "PostalCode": "06600",
    "City": "Antibes",
    "Contacts": [
        {
            "LastName": "Johnson",
            "FirstName": "Linda",
            "Initials": "",
            "Title": "",
            "PhoneNumber": "0637534857",
            "FaxNumber": "",
            "GSMNumber": "",
            "Email": "suppliers@helloprint.com",
            "Function": ""
        }
    ],
    "Width": 40,
    "Height": 30,
    "Shape": "rectangle",
    "Winding": 2,
    "Radius": 2,
    "Premium_White": "N",
    "Substrate": "mat wit PP",
    "Adhesive": "permanent",
    "LineComment1": "Jobsheet made for helloprint v2",
    "Colors": "CMYK",
    "Delivery_Addresses": 1,
    "numberOfDesigns": "1-1",
    "CalculationID": 113035,
    "AddressID": 440861
}