{
    "Description": "labels_on_roll",
    "ReferenceAtCustomer": "5153729-7972260",
    "Delivery": "2025-04-23",
    "Shipment_method": "UPS-UPS_STANDARD",
    "OrderQuantity": 500,
    "Quantity_per_roll": "",
    "DispenserQuantity": "",
    "Core": "40",
    "UnitPrice": 36.4,
    "SupplierId": "7d9ace2e-fa66-48ac-a142-7b3f68eb9f8c",
    "Name": "labels_on_roll",
    "Street": "CALLE REC 28 REC 28",
    "Country": "ES",
    "PostalCode": "08790",
    "City": "GELIDA",
    "Contacts": [
        {
            "LastName": "MARGARIT",
            "FirstName": "PERE",
            "Initials": "",
            "Title": "",
            "PhoneNumber": "637891025",
            "FaxNumber": "",
            "GSMNumber": "",
            "Email": "suppliers@helloprint.com",
            "Function": ""
        }
    ],
    "Width": 35,
    "Height": 35,
    "Shape": "circle",
    "Winding": 2,
    "Radius": 0,
    "Premium_White": "N",
    "Substrate": "90PVC",
    "Adhesive": "permanent",
    "LineComment1": "Jobsheet made for helloprint v2",
    "Colors": "CMYK",
    "Delivery_Addresses": 1,
    "numberOfDesigns": "1-1",
    "CalculationID": 112177,
    "AddressID": 439611
}