{
    "Description": "labels_on_roll",
    "ReferenceAtCustomer": "5166833-7996890",
    "Delivery": "2025-04-24",
    "Shipment_method": "DHL_EXPRESS-EUROPLUS",
    "OrderQuantity": 200,
    "Quantity_per_roll": "",
    "DispenserQuantity": "",
    "Core": "40",
    "UnitPrice": 86.7,
    "SupplierId": "7d9ace2e-fa66-48ac-a142-7b3f68eb9f8c",
    "Name": "labels_on_roll",
    "Street": "Avenue du Chene 116 Pere Dodo",
    "Country": "BE",
    "PostalCode": "4802",
    "City": "Heusy",
    "Contacts": [
        {
            "LastName": "Baudinet",
            "FirstName": "Luc",
            "Initials": "",
            "Title": "",
            "PhoneNumber": "0496840223",
            "FaxNumber": "",
            "GSMNumber": "",
            "Email": "suppliers@helloprint.com",
            "Function": ""
        }
    ],
    "Width": 40,
    "Height": 30,
    "Shape": "rectangle",
    "Winding": 2,
    "Radius": 2,
    "Premium_White": "N",
    "Substrate": "80GG",
    "Adhesive": "permanent",
    "LineComment1": "Jobsheet made for helloprint v2",
    "Colors": "CMYK",
    "Delivery_Addresses": 1,
    "numberOfDesigns": "1-1",
    "CalculationID": 112052,
    "AddressID": 440848
}