{
    "Description": "labels_on_roll",
    "ReferenceAtCustomer": "5167031-7997227",
    "Delivery": "2025-04-18",
    "Shipment_method": "DHL_EXPRESS-EUROPLUS",
    "OrderQuantity": 2500,
    "Quantity_per_roll": "",
    "DispenserQuantity": "0",
    "Core": "76",
    "UnitPrice": 14.4,
    "SupplierId": "7d9ace2e-fa66-48ac-a142-7b3f68eb9f8c",
    "Name": "labels_on_roll",
    "Street": "Venrayseweg 44 A",
    "Country": "NL",
    "PostalCode": "5928 NZ",
    "City": "Venlo",
    "Contacts": [
        {
            "LastName": "Meis",
            "FirstName": "Patty",
            "Initials": "",
            "Title": "",
            "PhoneNumber": "0646179292",
            "FaxNumber": "",
            "GSMNumber": "",
            "Email": "suppliers@helloprint.com",
            "Function": ""
        }
    ],
    "Width": 30,
    "Height": 30,
    "Shape": "circle",
    "Winding": 2,
    "Radius": 0,
    "Premium_White": "N",
    "Substrate": "90PVC",
    "Adhesive": "permanent",
    "LineComment1": "Jobsheet made for helloprint v2",
    "Colors": "CMYK",
    "Delivery_Addresses": 1,
    "numberOfDesigns": "1-1",
    "CalculationID": 112175,
    "AddressID": 440822
}